{"cameraMode":{"drawMode":0,"name":"Shaded","section":"Shading Mode"},"sceneLighting":true,"audioPlay":false,"sceneViewState":{"showFog":false,"showMaterialUpdate":false,"showSkybox":false,"showFlares":false,"showImageEffects":false,"showParticleSystems":false},"in2DMode":false,"pivot":{"x":5.336889743804932,"y":7.365643501281738,"z":-8.254603385925293},"rotation":{"x":0.5140504240989685,"y":0.01569211296737194,"z":-0.009406106546521187,"w":0.8575648665428162},"size":15.790260314941407,"orthographic":false}