{"cameraMode":{"drawMode":0,"name":"Shaded","section":"Shading Mode"},"sceneLighting":false,"audioPlay":false,"sceneViewState":{"showFog":false,"showMaterialUpdate":false,"showSkybox":false,"showFlares":false,"showImageEffects":false,"showParticleSystems":false},"in2DMode":false,"pivot":{"x":-5.489999771118164,"y":1.5,"z":4.490000247955322},"rotation":{"x":-0.569098711013794,"y":0.0002525949676055461,"z":-0.00017521563859190792,"w":-0.8222692608833313},"size":2.8578836917877199,"orthographic":false}