{"cameraMode":{"drawMode":0,"name":"Shaded","section":"Shading Mode"},"sceneLighting":false,"audioPlay":false,"sceneViewState":{"showFog":false,"showMaterialUpdate":false,"showSkybox":false,"showFlares":false,"showImageEffects":false,"showParticleSystems":false},"in2DMode":false,"pivot":{"x":-13.85982894897461,"y":2.512544631958008,"z":9.365803718566895},"rotation":{"x":-0.09811241924762726,"y":-0.6034596562385559,"z":0.07515838742256165,"w":-0.787757396697998},"size":3.325514554977417,"orthographic":false}