{"cameraMode":{"drawMode":0,"name":"Shaded","section":"Shading Mode"},"sceneLighting":false,"audioPlay":false,"sceneViewState":{"showFog":false,"showMaterialUpdate":false,"showSkybox":false,"showFlares":false,"showImageEffects":false,"showParticleSystems":false},"in2DMode":false,"pivot":{"x":6.470000267028809,"y":-0.5999999046325684,"z":0.3599996268749237},"rotation":{"x":-0.34747862815856936,"y":0.011540028266608715,"z":-0.004277082160115242,"w":-0.9376071691513062},"size":4.93544864654541,"orthographic":false}