{"cameraMode":{"drawMode":0,"name":"Shaded","section":"Shading Mode"},"sceneLighting":false,"audioPlay":false,"sceneViewState":{"showFog":false,"showMaterialUpdate":false,"showSkybox":false,"showFlares":false,"showImageEffects":false,"showParticleSystems":false},"in2DMode":false,"pivot":{"x":2.194746494293213,"y":1.3660242557525635,"z":6.292270183563232},"rotation":{"x":0.5043984055519104,"y":-0.023307986557483674,"z":0.01362206693738699,"w":0.8630489110946655},"size":9.858257293701172,"orthographic":false}