{"cameraMode":{"drawMode":0,"name":"Shaded","section":"Shading Mode"},"sceneLighting":false,"audioPlay":false,"sceneViewState":{"showFog":false,"showMaterialUpdate":false,"showSkybox":false,"showFlares":false,"showImageEffects":false,"showParticleSystems":false},"in2DMode":false,"pivot":{"x":6.100200176239014,"y":1.0063797235488892,"z":3.416403293609619},"rotation":{"x":0.389874130487442,"y":-0.0049715894274413589,"z":0.002104329178109765,"w":0.9208523631095886},"size":2.5525240898132326,"orthographic":false}